Jihoon Pak,Tiny Fingers,Black and White Photography,bw1_jihoon.jpg
Jihoon Pak,Darkness,Black and White Photography,bw6_jihoon.jpg
Jihoon Pak,Flowing Steps,Black and White Photography,bw7_jihoon.jpg
Jihoon Pak,Capital Capitol,Black and White Photography,bw10_jihoon.jpg
Jihoon Pak,Rainbow Country,Culture Photography,culture1_jihoon.jpg
Jihoon Pak,No Barriers,Culture Photography,culture2_jihoon.jpg
Jihoon Pak,Stretch,Culture Photography,culture3_jihoon.jpg
Jihoon Pak,Daydream,Culture Photography,culture7_jihoon.jpg
Jihoon Pak,Avacado Toast,Food Photography,food1_jihoon.jpg
Jihoon Pak,Salad Toast,Food Photography,food3_jihoon.jpg
Jihoon Pak,Rainbow Cake,Food Photography,food5_jihoon.jpg
Jihoon Pak,Nuts and Veggies,Food Photography,food7_jihoon.jpg
Jihoon Pak,Fresh,Food Photography,food8_jihoon.jpg
Myles Freidrich,Stacked Concrete,Black and White Photography,bw2_myles.jpg
Myles Freidrich,Steel Flyer,Black and White Photography,bw5_myles.jpg
Myles Freidrich,Colonial Colour,Culture Photography,culture5_myles.jpg
Myles Freidrich,Above the Nest,Culture Photography,culture6_myles.jpg
Myles Freidrich,Seaside Rendevous,Culture Photography,culture8_myles.jpg
Myles Freidrich,Winter Barn 1,Culture Photography,culture10_myles.jpg
Myles Freidrich,King of the Pen,Culture Photography,culture11_myles.jpg
Myles Freidrich,Winter Barn 2,Culture Photography,culture12_myles.jpg
Myles Freidrich,Fall Barn 1,Culture Photography,culture13_myles.jpg
Myles Freidrich,Sweets,Food Photography,food2_myles.jpg
Myles Freidrich,Chocolate,Food Photography,food4_myles.jpg
Myles Freidrich,Grapes,Food Photography,food6_myles.jpg
Myles Freidrich,Corn,Food Photography,food9_myles.jpg
Myles Freidrich,Beans,Food Photography,food10_myles.jpg
Myles Freidrich,Watermelon,Food Photography,food11_myles.jpg
Myles Freidrich,Croissant,Food Photography,food12_myles.jpg
Alfred Palmetto,Locomotion,Black and White Photography,bw4_palmetto.jpg
Alfred Palmetto,Peaks,Black and White Photography,bw9_palmetto.jpg
Alfred Palmetto,Hunt,Nature Photography,nature1_palmetto.jpg
Alfred Palmetto,Of a Feather,Nature Photography,nature2_palmetto.jpg
Alfred Palmetto,Majesty,Nature Photography,nature3_palmetto.jpg
Alfred Palmetto,Atlantic Puffin,Nature Photography,nature4_palmetto.jpg
Alfred Palmetto,Ice,Nature Photography,nature17_palmetto.jpg
Alfred Palmetto,Orca,Nature Photography,nature18_palmetto.jpg
Alfred Palmetto,Hammerhead,Nature Photography,nature19_palmetto.jpg
Alfred Palmetto,Old Ways,Nature Photography,nature20_palmetto.jpg
Alfred Palmetto,Clear Blue,Nature Photography,nature21_palmetto.jpg
Skyler Dobson,Wildflower in the Dark,Black and White Photography,bw3_skyler.jpg
Skyler Dobson,Rebirth,Black and White Photography,bw8_skyler.jpg
Skyler Dobson,Puppers,Nature Photography,nature5_skyler.jpg
Skyler Dobson,Swan Love,Nature Photography,nature6_skyler.jpg
Skyler Dobson,Derpycat,Nature Photography,nature7_skyler.jpg
Skyler Dobson,Persian Buttercup,Nature Photography,nature8_skyler.jpg
Skyler Dobson,Hydrangea Tiffany Violet,Nature Photography,nature9_skyler.jpg
Skyler Dobson,Orchid and Rose Arrangement,Nature Photography,nature10_skyler.jpg
Skyler Dobson,Cut Sunflower,Nature Photography,nature11_skyler.jpg
Skyler Dobson,Sunflower Vendor,Nature Photography,nature12_skyler.jpg
Skyler Dobson,Persian Buttercup 2,Nature Photography,nature13_skyler.jpg
Skyler Dobson,Roses,Nature Photography,nature15_skyler.jpg
Skyler Dobson,Rose Arrangement,Nature Photography,nature16_skyler.jpg
Betty Gillis,Rustic Tinge,Paintings,paintings1_betty.jpg
Betty Gillis,Volcanic Burst,Paintings,paintings5_betty.jpg
Betty Gillis,Tyrian Purple,Paintings,paintings7_betty.jpg
Betty Gillis,Frosty Day,Paintings,paintings8_betty.jpg
Betty Gillis,Old Parchment,Paintings,paintings10_betty.jpg
Betty Gillis,Color Test 1,Paintings,paintings11_betty.jpg
Betty Gillis,Sunshine,Paintings,paintings12_betty.jpg
Betty Gillis,Friendship Bracelets 1,Textiles,textiles5_betty.jpg
Betty Gillis,Friendship Bracelets 2,Textiles,textiles6_betty.jpg
Pratya Chandrasekhar,Radial Floret,Paintings,paintings2_pratya.jpg
Pratya Chandrasekhar,Dark Ice,Paintings,paintings3_pratya.jpg
Pratya Chandrasekhar,Grass in Fall,Paintings,paintings4_pratya.jpg
Pratya Chandrasekhar,Monoculture,Paintings,paintings6_pratya.jpg
Pratya Chandrasekhar,Palette Mixing,Paintings,paintings9_pratya.jpg
Pratya Chandrasekhar,Oily Layers,Paintings,paintings13_pratya.jpg
Ian Daly,Mixed Painted 1,Pottery,pottery1_iandaly.jpg
Ian Daly,White Glazes 1,Pottery,pottery3_iandaly.jpg
Ian Daly,Blue and Ochre 1,Pottery,pottery4_iandaly.jpg
Ian Daly,Blue Glaze 1,Pottery,pottery5_iandaly.jpg
Ian Daly,Gradient Glazes 1,Pottery,pottery6_iandaly.jpg
Ian Daly,Unpainted 1,Pottery,pottery9_iandaly.jpg
Ian Daly,Finished Blue 1,Pottery,pottery10_iandaly.jpg
Bernard Jones,Dishware,Pottery,pottery2_bernard.jpg
Bernard Jones,Decorative,Pottery,pottery7_bernard.jpg
Bernard Jones,Process,Pottery,pottery8_bernard.jpg
Bernard Jones,Floral Loom,Textiles,textiles1_bernard.jpg
Bernard Jones,Traditional Loom,Textiles,textiles2_bernard.jpg
Bernard Jones,Yarnwork,Textiles,textiles3_bernard.jpg
Bernard Jones,Loom Texture 1,Textiles,textiles4_bernard.jpg
asd,kjh,kjh,kjh
asd,kjh,kjh,kjh
asd,kjh,kjh,kjh
asd,kjh,kjh,kjh
asd,kjh,kjh,kjh
asd,kjh,kjh,kjh
asd,asdf,sd,sdf
sad,sdf,sdf,scv
sad,sdf,sdf,scv
asd,sdf,sdf,sdf
asd,sdf,sdf,sdf
sad,sdf,lkj,kjsdf
kjh,jkh,kjh,kjh
kjh,jkh,kjh,kjh
asd,kjh,kjh,kjh
,,,
,,,
,,,
"Skyler Dobson",kjh,kjh,kjh
"Skyler Dobson",lkj,lkj,lkj
lkn,lkj,lkj,lkj
Skyler,,,
"Skyler Dobson",akjh,kjh,kjh
lkj,lkj,lkj,lkj
Skyler,,,
"Skyler Dobson",lkjj,lkj,lkj
,,,
